pBRA,pLBC,pUNR,pBCE,pBCD,pBAD,pBOD,cX2L,cX2a,cX2b,cX2Lab,cEMDL,cEMDa,cEMDb,cEMDLab,sX2L,sX2a,sX2b,sX2Lab,sEMDL,sEMDa,sEMDb,sEMDLab,Consensus
0.267757,0.140167,0.26629,0.81225,0.129613,0.146592,0.332073,0.186003,0.00816239,0.222823,0.20383800000000002,1.52614,0.0452085,0.604271,0.268465,0.326896,0.0675487,0.569658,0.394993,2.23727,0.220667,1.13828,0.435167,1
0.202033,0.09819860000000001,0.224784,0.476792,0.11354700000000001,0.177001,0.19318,0.032595,0.0705614,0.00486333,0.01755,0.845493,0.228694,0.0317819,0.0897358,1.09069,0.266261,0.168852,0.5267109999999999,3.96282,0.43223599999999995,0.253382,0.6189319999999999,1
0.04504280000000001,0.0411406,0.0401235,0.059259900000000004,0.0511609,0.130242,0.19012300000000001,0.019022400000000002,0.0236178,0.0204755,0.0125841,0.25400100000000003,0.1144,0.094056,0.061953699999999993,0.274902,0.0334988,0.0696803,0.10793900000000001,1.72133,0.13273,0.212767,0.24280900000000002,0
0.217793,0.0818196,0.22521,1.00499,0.115205,0.22102600000000003,0.237143,0.022492500000000002,0.223665,0.25859299999999996,0.230213,0.33363699999999996,0.400017,0.43282600000000004,0.234699,0.190841,0.612564,0.923069,0.49449799999999994,1.62405,0.7538560000000001,1.28328,0.486109,1
0.174524,0.136594,0.20296,0.164019,0.119003,0.175836,0.303774,0.0568553,0.0613985,0.25243499999999996,0.0478491,0.6114689999999999,0.149109,0.507499,0.110555,0.238087,0.491148,0.484066,0.188814,1.8840000000000001,0.439551,0.799808,0.232123,1
0.119362,0.051315999999999994,0.115139,0.159275,0.024417400000000002,0.0540179,0.157629,0.0474837,0.00842811,0.0540193,0.0593712,0.666593,0.0249821,0.178988,0.110795,0.0789133,0.047175,0.160363,0.0884178,0.9331309999999999,0.08304650000000001,0.468051,0.183142,0
0.0609514,0.051303999999999995,0.044274,0.0796467,0.0432841,0.061678199999999996,0.206592,0.201479,0.0984498,0.09205260000000001,0.17036600000000002,1.96137,0.209691,0.209135,0.274108,1.10994,0.204354,0.451273,0.972987,4.7828,0.29038,0.47266199999999997,0.706997,1
0.287034,0.11484200000000001,0.330559,0.680079,0.143406,0.333995,0.431684,0.08804529999999999,0.031723900000000006,0.018520500000000002,0.07156799999999999,0.748103,0.122325,0.114977,0.107839,0.6155390000000001,0.325919,0.44533900000000004,0.291387,3.54745,0.363706,0.745904,0.41566000000000003,1
0.0270911,0.035348000000000004,0.010582,0.142593,0.0231524,0.0068959,0.126388,0.015443100000000001,0.013030600000000002,0.0693146,0.05426419999999999,0.395323,0.11697300000000001,0.21025300000000002,0.11481199999999998,0.263334,0.0233716,0.20413800000000001,0.24054499999999998,0.956226,0.136243,0.39015900000000003,0.325488,0
0.2209,0.153075,0.255272,0.240233,0.155449,0.277325,0.316623,0.0455166,0.0175237,0.13641,0.09858919999999999,0.46919799999999995,0.0925556,0.41471199999999997,0.12579200000000001,0.18803,0.07241,0.590345,0.620378,0.932853,0.25833,0.735223,0.548003,1
0.202322,0.153347,0.197285,0.0485298,0.0974796,0.154398,0.474077,0.189083,0.12553499999999998,0.0186172,0.0532783,1.57867,0.22494299999999998,0.110693,0.155993,1.38914,0.281497,0.23791500000000002,0.36638200000000004,3.58724,0.397032,0.476013,0.54785,1
0.11929400000000001,0.0504463,0.096,0.283393,0.0263997,0.081951,0.272129,0.052263300000000006,0.0043396,0.109543,0.0222243,0.48136899999999994,0.0622518,0.230057,0.0709506,0.98736,0.052221699999999996,1.15394,0.429821,3.1346,0.198152,0.795312,0.435299,1
0.125908,0.057390199999999995,0.14816400000000002,0.446324,0.0298476,0.0189336,0.136036,0.07309349999999999,0.033656,0.101188,0.0619595,0.49566099999999996,0.12406800000000001,0.265077,0.102621,0.458207,0.222462,0.362394,0.241175,2.56032,0.372368,0.46302200000000004,0.32924000000000003,1
0.0184638,0.021236599999999998,0.0195122,0.037942199999999995,0.060748300000000005,0.06612660000000001,0.173902,0.182536,0.0459725,0.299773,0.22059299999999998,2.02562,0.16384,0.664088,0.289865,0.520718,0.556081,0.702849,0.688682,3.42064,0.706068,0.951053,0.6839689999999999,1
0.224412,0.174035,0.182733,0.11900999999999999,0.19627999999999998,0.213483,0.315397,0.053503699999999994,0.048520999999999995,0.00425564,0.0121466,0.627753,0.139,0.0417163,0.043493800000000006,0.8302379999999999,0.24584,0.09137200000000001,0.27728800000000003,3.02346,0.355808,0.2918,0.38464,1
0.168669,0.14239300000000002,0.17769400000000002,0.0953039,0.179653,0.335442,0.35118,0.134332,0.0375554,0.0657847,0.037588800000000006,1.4639799999999998,0.144255,0.26946,0.149753,0.302873,0.0858478,0.18120999999999998,0.138104,1.6833599999999997,0.24291300000000002,0.43238000000000004,0.269573,1
0.0903841,0.174059,0.102064,0.896367,0.38401399999999997,0.6735180000000001,0.6735180000000001,0.125057,0.07717689999999999,0.0611594,0.07088330000000001,1.46656,0.194353,0.184815,0.201938,1.46098,0.333886,0.360739,1.1048200000000001,6.1931400000000005,0.470872,0.46174,1.09502,1
0.136018,0.0962273,0.12704200000000002,0.039645099999999996,0.11761600000000001,0.22707,0.29554899999999995,0.094967,0.0267846,0.0387007,0.0678531,1.21675,0.08351239999999999,0.185916,0.15401099999999998,1.06525,0.26355,0.464549,0.5524640000000001,3.7759400000000003,0.354259,0.9531,0.570454,1
0.19107000000000002,0.14917,0.21743800000000002,0.08653680000000001,0.221108,0.369949,0.391412,0.0776251,0.039551199999999995,0.056012900000000004,0.08414880000000001,0.900099,0.116006,0.206261,0.202442,0.229658,0.33569,0.148249,0.1505,1.37421,0.558855,0.308715,0.264401,1
0.219514,0.119064,0.267586,0.5199819999999999,0.031060300000000002,0.0219614,0.295601,0.06819220000000001,0.034721300000000004,0.230113,0.0782025,1.16146,0.124706,0.712541,0.176671,0.376205,0.142671,0.9890549999999999,0.522242,2.0565,0.265408,1.2759,0.49147799999999997,1
0.158461,0.15821,0.186935,0.0264531,0.21433600000000003,0.37969899999999995,0.37969899999999995,0.199963,0.391178,0.127187,0.08902,1.61802,0.46118000000000003,0.295926,0.188328,1.28972,0.795467,0.554182,0.31006100000000003,2.98906,0.611796,0.545962,0.323865,1
0.0106159,0.0110071,0.0121457,0.00657045,0.034180199999999994,0.09085889999999999,0.11631500000000002,0.0436478,0.0054938999999999995,0.00889888,0.0375544,0.6100369999999999,0.048038,0.0470541,0.118744,0.276341,0.10463599999999999,0.0816128,0.242444,1.1118299999999999,0.21780700000000003,0.140519,0.285401,1
0.0895194,0.06095790000000001,0.0537057,0.0933558,0.10486400000000001,0.193486,0.193499,0.0384779,0.0434791,0.0429768,0.0264025,0.328569,0.123455,0.18653599999999998,0.08230610000000001,0.198407,0.0349772,0.1134,0.100255,0.9664719999999999,0.09844220000000001,0.27852899999999997,0.191642,1
0.239263,0.145065,0.223149,0.201217,0.157282,0.33146,0.492683,0.046463,0.0064447,0.015421299999999999,0.0111319,0.43023500000000003,0.0681165,0.0829546,0.05149159999999999,0.7571720000000001,0.048931300000000004,0.21839,0.6699039999999999,3.0538,0.163471,0.40855,0.55103,1
0.0466024,0.0251223,0.028921,0.0101618,0.0825754,0.208089,0.20863600000000002,0.022398500000000002,0.00465143,0.00747152,0.00507554,0.25506,0.0492315,0.058052099999999995,0.029617900000000003,0.385641,0.0134638,0.0574244,0.14001,1.70878,0.06852260000000002,0.182376,0.26306799999999997,0
0.131415,0.0751938,0.158442,0.167286,0.134899,0.27170300000000003,0.27170300000000003,0.128473,0.0164413,0.00622034,0.0328377,1.05725,0.071687,0.0439906,0.07541439999999999,0.312094,0.12200599999999999,0.187342,0.11106099999999999,1.93888,0.28473699999999996,0.324799,0.16303199999999998,1
0.11350899999999998,0.1072,0.0691145,0.270698,0.110206,0.129527,0.266357,0.0399316,0.0767175,0.034447399999999996,0.0141754,0.36607399999999995,0.228946,0.193903,0.0483583,0.119723,0.149239,0.128304,0.069469,0.561994,0.324969,0.324615,0.17555199999999999,1
0.205904,0.0129114,0.114452,0.709291,0.11753699999999999,0.284566,0.284566,0.0985499,0.18487,0.090336,0.044933,0.7960470000000001,0.331849,0.281104,0.112409,0.987643,0.240736,0.34820500000000004,0.31555500000000003,3.14533,0.363331,0.468562,0.378094,1
0.10708800000000002,0.03818869999999999,0.0431965,0.0163115,0.0463664,0.17677400000000001,0.278064,0.07438789999999999,0.00323905,0.0341935,0.027714299999999997,0.5090020000000001,0.023699099999999997,0.166757,0.0826786,0.40575500000000003,0.0453573,0.283566,0.213209,2.57186,0.137429,0.5201180000000001,0.40275,0
0.19535999999999998,0.129358,0.22222199999999998,0.215306,0.17432999999999998,0.30701799999999996,0.30701799999999996,0.114481,0.0360233,0.0186884,0.0828801,2.23387,0.132669,0.165054,0.27695,1.60102,0.48309399999999997,0.328947,1.0521399999999999,5.2413,0.46487399999999995,0.408165,0.739487,1
0.119618,0.0152923,0.01766,0.19628199999999998,0.00791559,0.0499493,0.186686,0.028568200000000002,0.013755200000000002,0.144852,0.0832907,0.383851,0.101906,0.354242,0.165614,0.663022,0.0922062,0.36017899999999997,0.532611,2.58284,0.227479,0.510636,0.47529,1
0.08973969999999999,0.0460374,0.0435835,0.052604099999999994,0.16633199999999998,0.360284,0.370442,0.09593070000000001,0.0283478,0.0297718,0.05573959999999999,1.39626,0.144266,0.170465,0.196446,1.5185899999999999,0.26251399999999997,0.364249,1.2384600000000001,6.09143,0.439488,0.529724,1.05014,1
0.10334000000000002,0.0288476,0.11361199999999999,0.315474,0.018127599999999997,0.012378799999999999,0.12965,0.133487,0.0463957,0.0599217,0.036964699999999996,0.721223,0.180725,0.206661,0.0847623,0.448906,0.18578699999999998,0.32976300000000003,0.36369,1.69327,0.2931,0.43332600000000004,0.438913,1
0.13231300000000001,0.08162489999999999,0.0451977,0.422516,0.06238250000000001,0.042360400000000006,0.274462,0.12182799999999999,0.021937599999999998,0.023468799999999998,0.031521600000000004,1.05568,0.0965946,0.099864,0.14468,0.8327469999999999,0.0616756,0.166923,0.362724,3.30663,0.161393,0.371101,0.479488,1
0.10109,0.0655549,0.10243900000000002,0.0865495,0.0427606,0.06644989999999999,0.202815,0.0273305,0.0542355,0.00885463,0.021667,0.774898,0.146253,0.0672831,0.09437539999999998,0.199729,0.161795,0.09682289999999999,0.046781,0.941084,0.247283,0.17335599999999998,0.115691,1
0.0105911,0.024310299999999996,0.0,0.194225,0.0961215,0.18540299999999998,0.185672,0.09272180000000001,0.0228185,0.0455698,0.0135709,0.708375,0.100108,0.135935,0.0637416,0.511787,0.0220669,0.109016,0.15515299999999999,2.21444,0.09978610000000002,0.143992,0.35247399999999995,1
0.05960309999999999,0.031430099999999996,0.0669145,0.134197,0.0127121,0.0225057,0.16716199999999998,0.210548,0.10369400000000001,0.367344,0.0781038,1.89935,0.272776,0.658347,0.20601,0.909165,0.0987525,0.703623,0.24382199999999998,2.48142,0.22186799999999998,0.7429100000000001,0.343389,1
0.136344,0.031455000000000004,0.0123275,0.361652,0.15515,0.218427,0.361921,0.034304400000000006,0.0158844,0.178708,0.0694234,0.755406,0.0631138,0.343356,0.131678,0.105097,0.259817,0.507807,0.215883,0.613416,0.32448899999999997,0.609,0.27639600000000003,1
0.0938432,0.05237050000000001,0.015665799999999997,0.764717,0.025369299999999997,0.0262647,0.162502,0.06449239999999999,0.010421,0.06786460000000001,0.019630099999999998,0.41989899999999997,0.078773,0.247259,0.065751,0.34821199999999997,0.212535,0.256653,0.104109,1.48052,0.367263,0.443596,0.205139,1
0.14608800000000002,0.0938295,0.129208,0.0439496,0.0668715,0.0177304,0.28591,0.014918899999999999,0.00165438,0.0336313,0.0284726,0.215419,0.0328585,0.152817,0.0802655,1.01607,0.172957,0.24040599999999998,0.5035229999999999,3.57766,0.41468,0.418288,0.478875,1
0.12929000000000002,0.048236,0.14971199999999998,0.779014,0.0693932,0.0470148,0.21062600000000004,0.0273149,0.0347434,0.0759428,0.0381163,0.363823,0.116505,0.253849,0.09679220000000001,0.215185,0.052131,0.315513,0.20217100000000002,1.57626,0.108998,0.46759700000000004,0.275863,1
0.180675,0.175853,0.17566500000000002,0.17839000000000002,0.23921900000000001,0.321152,0.371775,0.159216,0.385963,0.0507224,0.0414652,1.66145,0.438721,0.166909,0.132407,0.38256799999999996,0.663776,0.233915,0.171888,1.8953900000000001,0.5807329999999999,0.341473,0.292214,1
0.13086199999999998,0.08588910000000001,0.13333299999999998,0.23505900000000002,0.0237917,0.0296052,0.226727,0.0788897,0.190314,0.108126,0.08616460000000001,0.801619,0.346037,0.29875300000000005,0.17727,0.502694,0.265297,0.358659,0.226098,2.1226700000000003,0.367089,0.49029300000000003,0.22795900000000002,1
0.09079989999999999,0.0546607,0.104459,0.192855,0.0862398,0.208143,0.29373299999999997,0.056973,0.0172297,0.11957999999999999,0.0283251,0.49312799999999996,0.10333900000000001,0.341159,0.0664202,0.322974,0.036613400000000004,0.330558,0.126203,1.1012899999999999,0.128934,0.404978,0.196209,1
0.126937,0.0377997,0.110652,0.602873,0.00145072,0.010406100000000001,0.204279,0.0745705,0.032242599999999996,0.22713000000000003,0.197061,1.2783799999999998,0.10738099999999999,0.44593299999999997,0.28210100000000005,0.15851400000000002,0.08623969999999999,0.45328900000000005,0.442536,1.49393,0.215821,0.57025,0.380142,1
0.228629,0.0826813,0.176837,0.187186,0.0670825,0.021063299999999997,0.200602,0.23567399999999997,0.187108,0.332387,0.48419700000000004,1.93546,0.339727,0.572587,0.572216,0.48855,0.257314,0.909911,0.996017,1.43727,0.32455100000000003,1.0847,0.769117,1
0.111049,0.0480869,0.136986,0.198325,0.0419843,0.0606452,0.106772,0.0150689,0.0982367,0.00286789,0.00688052,0.186952,0.210632,0.0306901,0.0412204,0.48032299999999994,0.26306999999999997,0.170721,0.34930700000000003,2.51422,0.372747,0.270342,0.44227799999999995,0
0.0590422,0.034598199999999996,0.07314010000000001,0.0959377,0.114425,0.22135,0.221631,0.0555956,0.00831005,0.0957942,0.038229400000000004,0.610509,0.0295492,0.290597,0.11291500000000002,0.532987,0.07674639999999999,0.177223,0.479004,2.15626,0.153146,0.289472,0.507969,1
0.17945999999999998,0.147634,0.195695,0.331809,0.222498,0.343369,0.347565,0.0615909,0.00208395,0.00801294,0.0164099,0.78484,0.025108099999999998,0.08608610000000001,0.0928062,0.556633,0.15590299999999999,0.11359000000000001,0.238269,2.47807,0.282401,0.248548,0.34820500000000004,1
0.0696535,0.0426622,0.0484171,0.00516518,0.0335272,0.0447362,0.151305,0.162644,0.0257911,0.197687,0.19173099999999998,1.7592700000000001,0.127459,0.5336390000000001,0.355977,0.702747,0.066026,0.43496599999999996,0.337318,1.54843,0.197444,0.628939,0.41346499999999997,1
0.104538,0.05247859999999999,0.08618780000000001,0.05223680000000001,0.11464500000000001,0.266085,0.339754,0.149009,0.0297408,0.00417145,0.07630419999999999,1.3425799999999999,0.09793099999999999,0.0158274,0.137317,1.7395200000000002,0.134976,0.149885,0.911115,5.01255,0.20493499999999998,0.223227,0.682092,1
0.0423218,0.017822,0.0161725,0.180085,0.00853838,0.0100809,0.239101,0.056037800000000006,0.00855787,0.131805,0.0456683,0.824845,0.0506275,0.42806400000000006,0.11948800000000001,0.47261400000000003,0.202148,0.68598,0.249023,3.02705,0.420993,1.03341,0.32747600000000004,1
0.218935,0.072109,0.24237399999999998,0.791536,0.0374431,0.00603401,0.190603,0.0386601,0.07554780000000001,0.6512100000000001,0.229204,0.8045800000000001,0.224636,1.0009,0.255394,0.44200200000000006,0.24184699999999998,0.8819819999999999,0.778358,1.5772700000000002,0.42574799999999996,1.20879,0.581669,1
0.142862,0.012731200000000002,0.015,0.109176,0.0744012,0.20373,0.23237399999999997,0.076481,0.011056,0.0715923,0.10975,0.888877,0.0588431,0.199033,0.21104699999999998,1.00965,0.0179591,0.202261,0.43536400000000003,3.1003700000000003,0.052643899999999993,0.29288000000000003,0.47806099999999996,0
0.164976,0.123733,0.185339,0.0265184,0.143424,0.33822199999999997,0.41853900000000005,0.17536300000000002,0.233717,0.297234,0.26795,1.8332400000000002,0.419364,0.510173,0.381857,0.624429,0.273341,1.14104,1.22767,2.41201,0.44671400000000006,0.881539,0.905661,1
0.120021,0.07648769999999999,0.0834142,0.0483069,0.0807095,0.0822487,0.166713,0.0953403,0.00555218,0.133995,0.11439300000000001,1.08817,0.0657413,0.40460999999999997,0.23967600000000003,0.248613,0.0316161,0.43146999999999996,0.222633,0.761269,0.11623399999999999,0.587633,0.344117,0
0.054535900000000005,0.0238465,0.06289310000000001,0.169622,0.040661300000000004,0.109016,0.147924,0.18339,0.0323104,0.15998199999999999,0.06416820000000001,0.9820700000000001,0.124624,0.351636,0.11288800000000002,0.500358,0.15063,0.51549,0.22462600000000002,1.51835,0.25617,0.614933,0.316315,1
0.0670473,0.0007845360000000001,0.037795300000000004,0.567006,0.0913442,0.243477,0.2888,0.066947,0.00589758,0.00675069,0.016792599999999998,0.587114,0.0399298,0.0421222,0.07955319999999999,0.36501999999999996,0.00462119,0.133858,0.22225999999999999,1.94449,0.025097099999999997,0.20435599999999998,0.38511,1
0.0986591,0.0779331,0.11215,0.13525299999999998,0.11549000000000001,0.168997,0.220244,0.12228299999999999,0.0449892,0.0814673,0.10499800000000001,1.83948,0.17063499999999998,0.22417199999999998,0.297252,0.33713699999999996,0.0978579,0.33971999999999997,0.296608,2.60947,0.265829,0.45867700000000006,0.42892700000000006,1
0.0625966,0.0307811,0.041707999999999995,0.00244736,0.00212417,0.0795997,0.229818,0.0883462,0.10248199999999999,0.138526,0.0327187,1.01031,0.266439,0.34333,0.09490470000000001,0.22310500000000003,0.276917,0.47715,0.10849500000000001,1.4699200000000001,0.437242,0.736578,0.217275,0
0.147061,0.04648819999999999,0.0901961,0.20813,0.08386,0.22352800000000003,0.284107,0.064226,0.0112606,0.11745,0.0279498,0.6771,0.0860073,0.284864,0.0742945,0.7349100000000001,0.06363830000000001,0.613492,0.142779,1.67613,0.17413800000000001,0.5722149999999999,0.252405,1
0.184145,0.06410969999999999,0.183192,0.628003,0.027043599999999998,0.0417952,0.132668,0.137928,0.144965,0.20034200000000002,0.0526201,1.43652,0.298691,0.557079,0.158091,0.8799629999999999,0.28386100000000003,0.6184470000000001,0.242083,2.56897,0.374727,0.9034969999999999,0.338862,1
0.019664400000000002,0.0146917,0.00180995,0.0693233,0.0150638,0.0144863,0.19786800000000002,0.0221986,0.00114612,0.00912944,0.019024,0.28357,0.0174024,0.0409522,0.057185599999999996,0.44105500000000003,0.0315003,0.210998,0.21901700000000002,1.22974,0.13596,0.20735900000000002,0.232114,1
0.158521,0.10286,0.190083,0.209598,0.14865799999999998,0.265178,0.277567,0.0758913,0.0226422,0.167668,0.042174,0.892336,0.0876175,0.349938,0.154622,0.459387,0.161916,0.8937309999999999,0.30948600000000004,2.02985,0.31299299999999997,0.747629,0.37458800000000003,1
0.0882372,0.0312731,0.07610349999999999,0.70306,0.0270644,0.0500952,0.0820359,0.0190879,0.0025392,0.0486917,0.0328483,0.659592,0.027857099999999996,0.142752,0.0907256,0.0430989,0.0593216,0.147531,0.0836077,0.459244,0.156892,0.23221799999999998,0.132468,1
0.0207108,0.020048,0.0245399,0.265482,0.0394984,0.0897159,0.16688699999999998,0.0656287,0.0174956,0.0872221,0.013604300000000001,0.5665359999999999,0.105375,0.199453,0.052017999999999995,0.5430649999999999,0.394496,0.371383,0.23034699999999997,1.4553399999999999,0.5278689999999999,0.44146499999999994,0.23083,1
0.0789453,0.047243900000000005,0.079235,0.656882,0.0324212,0.012489499999999999,0.162998,0.0378634,0.0171625,0.00270142,0.00428818,0.377431,0.0618937,0.0364842,0.024646500000000002,0.352721,0.074417,0.163727,0.380537,2.29889,0.20069700000000001,0.262073,0.454804,1
0.0650935,0.07441110000000001,0.0666667,0.166991,0.0855716,0.07866530000000001,0.18471300000000002,0.0378449,0.0015357,0.0971669,0.0325531,0.822371,0.0258111,0.245517,0.10328499999999999,0.327371,0.031183199999999998,0.49309899999999995,0.11885599999999999,2.1969,0.144468,0.621989,0.24017399999999997,1
0.0329279,0.0375518,0.037325,0.0392801,0.047760500000000004,0.0617977,0.08368930000000001,0.0447778,0.00381467,0.30949699999999997,0.0240523,0.8329690000000001,0.021846200000000003,0.552728,0.0910434,0.137491,0.0326296,0.48863999999999996,0.08355660000000001,1.4898200000000001,0.0957346,0.793728,0.197847,1
0.16616,0.0919434,0.1755,0.322793,0.0692702,0.0022551,0.301698,0.038708099999999995,0.08224830000000001,0.0680131,0.014835399999999999,0.275844,0.208968,0.241718,0.0551749,0.336611,0.41074700000000003,0.35697199999999996,0.14288,1.9438900000000001,0.403553,0.406937,0.248396,1
0.14777200000000001,0.0462167,0.112613,0.130378,0.0549905,0.139818,0.263793,0.0587271,0.020030900000000004,0.0318685,0.02585,0.676678,0.0480213,0.087527,0.0874395,0.992218,0.09252130000000001,0.226834,0.6725810000000001,2.16557,0.159816,0.378936,0.600379,0
0.09721160000000001,0.0424885,0.10989000000000002,0.23508099999999998,0.0988311,0.177109,0.17787,0.05639740000000001,0.042572399999999996,0.155918,0.0856368,0.9912280000000001,0.148007,0.372396,0.13279200000000002,0.255069,0.268442,0.506426,0.582609,1.65945,0.35223899999999997,0.643071,0.46919099999999997,1
0.109222,0.040461800000000006,0.0584795,0.0617828,0.0404115,0.09122310000000002,0.138979,0.27329899999999996,0.0401331,0.15474300000000002,0.107824,1.7143400000000002,0.13544,0.387348,0.186097,1.0436,0.16150899999999999,0.42110699999999995,0.43528199999999995,3.6183099999999997,0.30338200000000004,0.555457,0.5282359999999999,1
0.0150436,0.018322400000000003,0.0166038,0.342975,0.056532900000000004,0.114096,0.117546,0.0257747,0.042741,0.0714786,0.0854344,0.300535,0.24224099999999998,0.16081600000000001,0.120402,0.407396,0.10029400000000001,0.22625900000000002,0.149481,1.93546,0.28767,0.42207799999999995,0.288693,1
0.0748899,0.051654599999999995,0.013320600000000002,0.374889,0.07288170000000001,0.137427,0.137427,0.0652139,0.319144,0.0763203,0.0995618,0.9552299999999999,0.45074200000000003,0.22379699999999997,0.21083000000000002,0.9100159999999999,0.695603,0.23935399999999998,0.540145,3.12026,0.837892,0.34169499999999997,0.48362200000000005,1
0.190691,0.094989,0.21696300000000002,0.591391,0.0161101,0.0225765,0.274866,0.140549,0.07655310000000001,0.5529649999999999,0.11825699999999999,1.68124,0.237972,0.982392,0.192564,0.774541,0.189721,1.32365,0.49886099999999994,1.8064900000000002,0.300724,1.17723,0.461074,1
0.242144,0.25358,0.28082199999999996,0.134903,0.2516,0.467434,0.717853,0.115369,0.15600999999999998,0.267583,0.0945187,0.564467,0.349671,0.564928,0.177229,0.34112600000000004,0.7092890000000001,0.689042,0.419397,1.60637,0.8389469999999999,0.8556549999999999,0.37343200000000004,1
0.114808,0.019841499999999998,0.0793804,0.278904,0.0432115,0.0755699,0.137735,0.0808582,0.0583436,0.0669048,0.034787,0.765285,0.15987,0.202202,0.0955095,0.806757,0.19613599999999998,0.12118399999999999,0.48450200000000004,2.88807,0.271687,0.194131,0.451034,0
0.11094000000000001,0.0494804,0.10328299999999999,0.10640999999999999,0.048807800000000005,0.0229976,0.214556,0.13750199999999999,0.189424,0.0849428,0.0474998,1.29577,0.34137399999999996,0.25801599999999997,0.154882,0.8011149999999999,0.319427,0.390201,0.167526,2.4788099999999997,0.401561,0.53923,0.224359,1
0.121128,0.0772867,0.0945034,0.0183614,0.103045,0.21378000000000003,0.21378000000000003,0.0769757,0.00957351,0.045470300000000005,0.0167222,0.6601229999999999,0.0275767,0.155853,0.0373508,0.960139,0.11115499999999999,0.170016,0.65532,3.4037800000000002,0.199415,0.371661,0.607142,1
0.04102619999999999,0.00933267,0.0177192,0.020533000000000003,0.058427599999999996,0.110668,0.12093699999999999,0.06607880000000001,0.00356968,0.05752080000000001,0.027722900000000005,0.77551,0.041795599999999995,0.183825,0.10796700000000001,0.24925,0.11358499999999999,0.5558649999999999,0.0903028,1.6158700000000001,0.235445,0.557426,0.18554,0
0.129303,0.111948,0.061089,0.268365,0.116444,0.214869,0.23636300000000002,0.0445873,0.00535183,0.14415799999999998,0.035444199999999995,0.534597,0.029452199999999998,0.301581,0.0555321,0.846123,0.0524943,0.46053,0.5378689999999999,1.99868,0.100109,0.562183,0.447992,1
0.187618,0.10753900000000001,0.22871,0.393848,0.0622746,0.102086,0.305698,0.0912759,0.0898292,0.0202292,0.035555699999999996,0.90453,0.217952,0.11296700000000001,0.0939982,0.819185,0.185177,0.396361,0.585726,4.56623,0.41651800000000005,0.728857,0.5707409999999999,1
0.154566,0.155394,0.162162,0.108222,0.161978,0.290948,0.310923,0.139976,0.143729,0.162226,0.114326,2.0685700000000002,0.26262399999999997,0.338983,0.285452,0.46380200000000005,0.274491,0.548906,0.399365,2.07238,0.315445,0.46714799999999995,0.434016,1
0.16833599999999999,0.00239184,0.00210305,0.0262301,0.0659618,0.151634,0.178096,0.14465,0.060165300000000005,0.0052081,0.036336900000000005,0.897625,0.186318,0.0409853,0.10333099999999999,1.0217200000000002,0.100846,0.272073,0.633137,3.42096,0.159911,0.570525,0.572758,1
0.052357299999999996,0.028183999999999997,0.057942099999999996,0.137737,0.0614578,0.15369100000000002,0.16161199999999998,0.083199,0.0936671,0.430071,0.0430077,0.9237639999999999,0.21773,0.516653,0.14218599999999998,0.347246,0.29023000000000004,0.9459549999999999,0.204221,1.34801,0.414182,0.794622,0.300194,1
0.105998,0.00927114,0.122027,0.501566,0.0169995,0.0325491,0.0779471,0.0580369,0.0153708,0.00626766,0.0175378,0.538389,0.0985952,0.037097000000000005,0.0937437,0.5201060000000001,0.0533048,0.084397,0.151477,1.28246,0.187105,0.129548,0.217198,1
0.21270100000000003,0.18767,0.263158,0.40647300000000003,0.18223699999999998,0.29828000000000005,0.316766,0.112641,0.343578,0.376617,0.08017080000000001,1.66055,0.42273599999999995,0.698184,0.189461,0.38717199999999996,0.839635,0.996873,0.247928,2.35433,0.64541,1.12096,0.362792,1
0.060568,0.114623,0.0397374,0.441062,0.0892778,0.0983141,0.220129,0.12028399999999999,0.0106017,0.187773,0.106305,0.967467,0.07474639999999999,0.346022,0.176611,0.621462,0.157893,0.313744,0.520788,2.7002,0.254425,0.433637,0.532163,1
0.10181,0.0439654,0.0564972,0.0169174,0.0403279,0.137968,0.43306999999999995,0.172199,0.046516,0.19676400000000002,0.122171,1.28997,0.167237,0.49250200000000005,0.229909,1.43659,0.271545,1.07694,1.35624,3.7430199999999996,0.378467,0.92924,0.819145,1
0.0458976,0.0323743,0.0474516,0.07943389999999999,0.0386523,0.0811189,0.09252339999999999,0.0244574,0.00704944,0.11488399999999999,0.020156,0.673768,0.0430727,0.333472,0.0934336,0.119183,0.109766,0.81079,0.042351,0.7109979999999999,0.237984,0.809988,0.09652899999999999,1
0.164367,0.115345,0.16872,0.23074099999999997,0.126063,0.203021,0.300349,0.018863099999999997,0.0474645,0.280643,0.00884852,0.35330300000000003,0.178534,0.48189499999999996,0.06624429999999999,0.385671,0.187777,0.44907299999999994,0.260323,2.2113099999999997,0.403646,0.60523,0.290907,1
0.14561300000000002,0.061044600000000004,0.16317,0.570435,0.048627300000000005,0.051285199999999996,0.148306,0.0320464,0.014673599999999998,0.018542700000000002,0.018813999999999997,0.430779,0.0288445,0.11528900000000002,0.0487836,0.517835,0.10516800000000001,0.29192399999999996,0.323741,2.083,0.16706400000000002,0.37458800000000003,0.407177,1
0.10273399999999999,0.0378244,0.08588960000000001,0.156618,0.042011599999999996,0.0447808,0.0904896,0.159682,0.0606298,0.167738,0.10939600000000001,1.40836,0.129405,0.298146,0.188003,1.30079,0.226271,0.716087,0.321904,2.98963,0.273823,0.647487,0.396538,1
0.0313255,0.0213768,0.0365985,0.0647155,0.0190672,0.12146099999999999,0.182329,0.0491184,0.0132219,0.07055,0.017005799999999998,0.559908,0.06561900000000001,0.234805,0.06779589999999999,0.9644790000000001,0.047234,0.497763,0.817059,3.3125,0.0769971,0.5342020000000001,0.646584,1
0.119946,0.035242800000000005,0.140078,0.428234,0.0683164,0.0955602,0.113068,0.0848696,0.059900300000000004,0.192227,0.0918279,1.07775,0.129754,0.29884099999999997,0.17776199999999998,0.57731,0.18449300000000002,1.03633,0.416838,2.73865,0.259695,0.779961,0.457452,1
0.293991,0.13514600000000002,0.25914899999999996,0.335293,0.12648,0.299091,0.438223,0.22165100000000001,0.11382300000000001,0.06059640000000001,0.09023939999999998,2.1575,0.24626199999999998,0.221019,0.29583200000000004,1.7216799999999999,0.23654899999999998,0.23059200000000002,1.68082,5.150980000000001,0.379814,0.34235,0.968203,1
0.16595,0.123208,0.218009,0.0822698,0.07842619999999999,0.145288,0.29898,0.048923400000000006,0.00677741,0.257666,0.00456819,0.328203,0.0421466,0.480599,0.029202299999999997,0.21063800000000002,0.0918722,0.427154,0.061562,0.888972,0.18866,0.505174,0.15374000000000002,1
0.11556199999999998,0.0815294,0.128234,0.0740426,0.155376,0.35022,0.372033,0.0139941,0.014756700000000001,0.039377499999999996,0.0383128,0.14771700000000001,0.05185419999999999,0.13452,0.0873466,0.603955,0.056398500000000004,0.46898,0.47694,3.06992,0.13116,0.543428,0.527891,1
0.0918195,0.065423,0.10548099999999999,0.191367,0.152101,0.298535,0.298535,0.100276,0.021955000000000002,0.0514379,0.10236100000000001,1.07084,0.052726699999999994,0.24762800000000001,0.21442600000000003,0.8830600000000001,0.06262659999999999,0.41611800000000004,0.517042,4.45434,0.122853,0.5419069999999999,0.518324,1
0.113504,0.050752,0.122787,0.185882,0.0241095,0.056696699999999996,0.11609900000000001,0.0479764,0.00302103,0.054323199999999995,0.0530601,0.7085,0.0191255,0.152254,0.118155,0.0850781,0.150142,0.19733399999999998,0.07256789999999999,0.813476,0.207504,0.46329799999999993,0.190528,0
0.0995693,0.112233,0.09315069999999999,0.340493,0.144202,0.192807,0.236335,0.14862899999999998,0.0248892,0.252648,0.18291300000000002,0.691743,0.110132,0.613254,0.290418,0.346947,0.262123,0.951462,0.871419,0.9072040000000001,0.415217,1.03857,0.723425,1
0.188816,0.0414684,0.120773,0.196957,0.0506915,0.293248,0.497263,0.16684000000000002,0.0704716,0.117618,0.135555,1.6558599999999999,0.152147,0.331944,0.274564,1.93452,0.447104,0.48585200000000006,1.80988,7.833939999999999,0.41393900000000006,0.550319,1.1768299999999998,1
0.05547390000000001,0.0457679,0.0480669,0.037056,0.0561049,0.145788,0.188125,0.0545427,0.040007,0.030220900000000002,0.0294801,0.343111,0.122834,0.159117,0.058332400000000006,0.267744,0.255506,0.541213,0.151515,1.7334900000000002,0.37540100000000004,0.668659,0.279095,1
0.0634896,0.0605177,0.038216599999999996,0.188336,0.000728583,0.0856258,0.195328,0.158611,0.22460700000000003,0.292462,0.0891927,1.11089,0.31650300000000003,0.514265,0.189056,0.31703200000000004,0.467722,0.49951899999999994,0.153798,1.4233200000000001,0.439125,0.5964149999999999,0.16611700000000001,1
0.0806576,0.0916702,0.029473700000000002,0.500951,0.043316,0.0396953,0.12546500000000002,0.116041,0.023538299999999998,0.535406,0.0687974,1.36182,0.06677849999999999,0.610809,0.161841,0.368267,0.106064,0.828119,0.173192,1.59384,0.116404,0.683995,0.215121,1
0.0571862,0.00521745,0.00743494,0.000949801,0.017665,0.00309864,0.0436993,0.106396,0.0223637,0.439104,0.0456339,1.29441,0.0465707,0.596871,0.141232,1.3365200000000002,0.06638089999999999,1.70315,1.26766,4.19641,0.110078,1.22916,0.795007,1
0.0835467,0.0165627,0.03663,0.0619203,0.0503539,0.10856800000000001,0.123742,0.026417000000000003,0.00524388,0.213164,0.0113126,0.261631,0.046899500000000004,0.328305,0.0247201,0.730963,0.0242541,0.576753,0.35029,2.6782,0.0967646,0.6885859999999999,0.325999,0
0.0956106,0.130675,0.125142,0.14987899999999998,0.105304,0.16791099999999998,0.25586,0.07812519999999999,0.0989098,0.165009,0.0456048,1.3457,0.24880100000000002,0.365667,0.16219,0.333189,0.41964300000000004,0.190869,0.08466,1.79752,0.493914,0.38093,0.205605,1
0.231702,0.10537200000000001,0.255578,0.556933,0.0735901,0.12221099999999999,0.26813000000000003,0.128599,0.132516,0.0253767,0.0881281,0.860883,0.20628000000000002,0.107136,0.203744,0.9390639999999999,0.196638,0.265287,0.7296050000000001,1.71934,0.265808,0.324237,0.5859489999999999,1
0.148067,0.0600121,0.166852,0.452006,0.00984003,0.05525369999999999,0.25850100000000004,0.192465,0.078206,0.710843,0.143741,1.91373,0.121296,0.8702790000000001,0.258461,0.9793790000000001,0.184034,0.878233,0.84746,2.53016,0.231704,0.874735,0.656513,1
0.136936,0.054184800000000005,0.07348560000000001,0.0456969,0.050893,0.14208900000000002,0.262272,0.146377,0.0564191,0.153912,0.0814676,1.8408400000000003,0.16476300000000002,0.328606,0.21770100000000003,0.8846709999999999,0.265822,0.679241,0.781713,3.42714,0.373708,0.744796,0.624536,1
0.0996691,0.0734554,0.104433,0.0910245,0.08178350000000001,0.137123,0.162557,0.113684,0.0324678,0.484371,0.0661758,1.37775,0.110653,0.6197729999999999,0.171464,0.54278,0.12431600000000001,1.0710600000000001,0.379752,2.01072,0.199553,0.7932560000000001,0.383932,1
0.13003499999999998,0.0513484,0.14790999999999999,0.392808,0.105018,0.12503599999999998,0.1831,0.025675299999999998,0.0220982,0.0120883,0.00852464,0.524926,0.12437100000000001,0.0404716,0.05667819999999999,0.664241,0.1281,0.040248400000000004,0.44720200000000004,3.4804,0.23412600000000003,0.125246,0.490921,1
0.08198760000000001,0.0317404,0.0890688,0.36075799999999997,0.0626845,0.08577760000000001,0.19636900000000002,0.0146886,0.0184102,0.00887424,0.013452200000000003,0.350541,0.115175,0.047025300000000006,0.060053499999999996,0.721512,0.12344200000000001,0.0726065,0.591639,3.5543400000000003,0.36212,0.271256,0.623306,1
0.0858053,0.06704199999999999,0.0969337,0.554547,0.077735,0.0431768,0.121616,0.12161199999999998,0.0668166,0.233052,0.164099,1.64619,0.162485,0.42792600000000003,0.316256,0.27792100000000003,0.11324400000000001,0.444615,0.337934,2.1190700000000002,0.23240100000000002,0.601395,0.487738,1
0.159494,0.0870168,0.179599,0.418868,0.113952,0.1717,0.171745,0.0536258,0.0546097,0.0416791,0.0326693,0.333593,0.196475,0.190255,0.07223310000000001,0.20669099999999999,0.34219,0.15191300000000002,0.0687725,0.741638,0.529683,0.40481,0.111424,1
0.139371,0.09328539999999999,0.107705,0.00545338,0.166389,0.1544,0.39312800000000003,0.0322795,0.00885698,0.029395499999999998,0.0332652,0.37916700000000003,0.0542846,0.13354100000000002,0.074513,0.595409,0.07937530000000001,0.242777,0.542083,2.48125,0.201679,0.34297,0.612255,1
0.323071,0.368358,0.44099399999999994,0.19881500000000002,0.42931099999999994,0.693321,0.77396,0.030482299999999997,0.291589,0.0492024,0.0615856,0.42358,0.409948,0.16309500000000002,0.15811,0.5799979999999999,0.618526,0.15801800000000002,0.38419000000000003,3.18018,0.5833109999999999,0.245011,0.489429,1
0.0958557,0.0240842,0.104803,0.336828,0.0629351,0.149421,0.1993,0.10369400000000001,0.0460029,0.22127399999999997,0.148479,1.21294,0.129615,0.500642,0.21651900000000002,1.08991,0.268692,0.516234,0.463635,2.37652,0.32231,0.646946,0.46543999999999996,1
0.397445,0.256686,0.479554,0.7461949999999999,0.338426,0.5118119999999999,0.5118119999999999,0.362752,0.0194432,0.0613511,0.284812,1.39035,0.0693557,0.13836199999999999,0.29073499999999997,1.38248,0.0951215,0.273624,1.02633,4.14544,0.115007,0.339316,0.723222,1
0.022566299999999997,0.033183300000000006,0.0164609,0.259884,0.050032,0.0352033,0.115603,0.0905552,0.00837281,0.185402,0.00971513,0.9339940000000001,0.0457679,0.354576,0.0831532,0.550185,0.09866380000000001,0.568574,0.256203,3.6127199999999995,0.176269,0.663381,0.42961000000000005,0
0.15145799999999998,0.0802577,0.183575,0.271351,0.0981862,0.165045,0.180884,0.0344038,0.0108164,0.1661,0.12912,0.321727,0.0522395,0.312909,0.127439,0.516464,0.0732276,0.497511,0.347877,1.36531,0.159619,0.621215,0.352811,1
0.0829638,0.0439658,0.09273839999999998,0.57438,0.0616371,0.0683958,0.11074500000000001,0.0179044,0.09096339999999999,0.0188793,0.07973569999999999,0.397503,0.18512699999999999,0.0752017,0.154623,0.107885,0.137431,0.061367,0.20967800000000003,0.765842,0.230131,0.10388399999999999,0.321429,0
0.07667869999999999,0.05777380000000001,0.0592755,0.05279119999999999,0.09018469999999999,0.11047699999999999,0.14333900000000002,0.171444,0.157068,0.0762023,0.04643680000000001,1.25778,0.253315,0.245054,0.140753,0.606052,0.407165,0.351541,0.184852,2.36393,0.427012,0.569712,0.323221,0
0.06477480000000001,0.0108296,0.073149,0.318208,0.0442852,0.0768823,0.080095,0.02636,0.00927584,0.031846,0.0145293,0.397888,0.0584889,0.139499,0.0429825,0.09102080000000001,0.09003430000000001,0.0603668,0.0394094,0.8851540000000001,0.234204,0.20562199999999997,0.09666419999999999,1
0.146799,0.0689753,0.149584,0.7519,0.0322958,0.030091000000000003,0.180786,0.0651589,0.0798643,0.0471818,0.0378701,1.10911,0.20383900000000002,0.226777,0.12439700000000001,0.10704100000000001,0.280875,0.235409,0.018972299999999997,0.6856220000000001,0.343926,0.5727260000000001,0.0812275,1
0.13668,0.109008,0.142558,0.0908055,0.132863,0.22645300000000002,0.25929800000000003,0.0426235,0.00117795,0.303921,0.0190602,0.63798,0.00753522,0.415554,0.078293,0.45783900000000005,0.034480800000000006,0.6254109999999999,0.272386,2.05991,0.0913942,0.580835,0.344709,1
0.551471,0.328824,0.716279,0.43074700000000005,0.333538,0.605957,0.9003329999999999,0.28225500000000003,0.81194,0.389181,0.12573800000000002,2.50711,0.68557,0.5347569999999999,0.256911,1.08853,0.984289,0.83416,0.282404,2.86194,0.722483,0.7358520000000001,0.30285100000000004,1
0.06507450000000001,0.0171423,0.0473225,0.06517150000000001,0.049169199999999996,0.11615,0.249984,0.047624400000000004,0.04512290000000001,0.15895399999999998,0.010548299999999998,0.863318,0.15456199999999998,0.277371,0.07851110000000001,1.4049,0.12801099999999999,0.65047,0.661038,3.47013,0.25509899999999996,0.7397279999999999,0.536037,0
0.0775341,0.0736408,0.0713514,0.0968309,0.0218571,0.0518474,0.260115,0.0523865,0.0899013,0.0222423,0.0405434,1.2263,0.212854,0.130369,0.200132,0.579544,0.593813,0.271038,0.493482,4.6570599999999995,0.6219779999999999,0.518205,0.656678,1
0.2567,0.122495,0.27766599999999997,0.755972,0.141327,0.201711,0.307502,0.294796,0.335271,0.34702,0.08038819999999999,1.9433,0.42796899999999993,0.62978,0.169416,0.956066,0.559038,0.658443,0.762469,5.31539,0.59043,1.06174,0.7988970000000001,1
0.015833,0.03771409999999999,0.0102215,0.223827,0.0176368,0.029736900000000004,0.165943,0.582268,0.35792399999999996,0.21108000000000002,0.42285600000000007,4.556769999999999,0.42526899999999995,0.41257,0.689272,1.92675,1.56116,1.53206,1.90913,13.6054,1.1875200000000001,1.25621,2.13727,1
0.0616337,0.0425532,0.0684169,0.12,0.0398689,0.0076248,0.193671,0.130137,0.0179351,0.26487,0.0652913,2.0364400000000002,0.07889760000000001,0.546193,0.230523,0.486663,0.31711999999999996,0.457293,0.412499,3.3589,0.41422,0.569365,0.558804,1
0.246835,0.0673139,0.0885201,0.10547000000000001,0.007498,0.0136528,0.36431399999999997,0.11838499999999999,0.0136375,0.665743,0.5383859999999999,0.764397,0.08753839999999999,1.61009,0.433754,1.07159,0.300823,1.99422,1.9630400000000001,4.150530000000001,0.461532,5.04637,1.18041,1
0.141431,0.114793,0.152174,0.388058,0.11642899999999999,0.168418,0.199129,0.47408100000000003,0.29218299999999997,0.524817,0.45248999999999995,2.93246,0.402024,1.4361700000000002,0.678451,1.7288599999999998,1.0849,1.9997900000000002,1.9997599999999998,5.886430000000001,0.735815,4.10594,1.54892,1
0.12822,0.0521774,0.146558,0.39113600000000004,0.04638780000000001,0.0386963,0.117833,0.30592600000000003,0.13148900000000002,0.278169,0.301531,3.3954699999999995,0.186088,1.03311,0.564076,1.92891,0.7328560000000001,1.9942900000000001,1.9907,10.3324,0.587326,3.9137,1.70124,1
0.0839053,0.055749599999999996,0.09124910000000001,0.350157,0.0459533,0.0211183,0.124366,0.555139,0.2936,0.374132,0.488338,9.84817,0.47845299999999996,1.43997,1.16383,1.9974599999999998,1.68335,1.9820200000000001,1.9926700000000002,25.2726,1.28453,4.5849,3.01737,1
0.09038660000000001,0.016377100000000002,0.0223735,0.00726745,0.045792400000000004,0.108912,0.128905,0.0250838,0.00674352,0.21513000000000002,0.018485400000000003,0.25835,0.0341288,0.339483,0.0332449,0.666457,0.0381639,0.71118,0.32089,2.56243,0.0884425,0.766883,0.307344,0
0.0160894,0.00983517,0.00768246,0.0175937,0.0733051,0.145345,0.156581,0.07095019999999999,0.00218249,0.0632538,0.0293584,0.8225309999999999,0.024628900000000002,0.195463,0.11235899999999999,0.26698299999999997,0.279547,0.34929699999999997,0.09801549999999999,1.7430400000000001,0.386788,0.47036000000000006,0.13963,0
0.119271,0.0695409,0.128913,0.596071,0.0856002,0.141523,0.180026,0.0896677,0.0166231,0.0328269,0.021600400000000002,0.454599,0.09055160000000001,0.118986,0.0719475,0.26715900000000004,0.0999956,0.10717,0.144475,1.8679299999999999,0.193145,0.274509,0.307341,1
0.0631324,0.0253341,0.07047769999999999,0.326255,0.06739760000000002,0.107404,0.134199,0.043968099999999996,0.11101400000000002,0.0235717,0.00597305,0.487425,0.308979,0.06802689999999999,0.055633100000000005,0.460768,0.491859,0.0869591,0.353956,3.1787799999999997,0.719565,0.15851500000000002,0.47304799999999997,1
0.0795283,0.0685242,0.0708447,0.0146909,0.121047,0.246437,0.289645,0.177734,0.00977766,0.322322,0.0775628,1.66172,0.06897539999999999,0.608487,0.20576999999999998,0.6787340000000001,0.10205299999999999,0.768476,0.181584,2.71955,0.216473,0.934162,0.25977100000000003,1
